created_at,neutral,positive,negative
2021-02-01,0.00040233535507117936,0.0001250300645985712,5.483168659365098e-05
2021-02-02,0.0005227166174489638,4.2037837922779154e-05,1.7438736759327132e-05
2021-02-03,0.019886373033410478,0.0019580523750491446,0.000311393958384502
2021-02-04,0.00045340668314831483,5.586827992413506e-05,7.293649500950033e-05
2021-02-05,0.05087417107373752,0.08617697745278036,0.002010391594698925
2021-02-06,0.0005104650922432333,5.059321137998794e-05,2.1148587971008945e-05
2021-02-07,0.020770881786153085,0.0009258463516467929,0.0004590912290442468
2021-02-08,0.0002528509364710577,0.00031951420939556823,9.821957614150767e-06
2021-02-09,0.02006117101887974,0.0014891710839465915,0.0006054892493484499
2021-02-10,0.0051127201805921665,0.09793817143327672,0.003175376388836222
2021-02-11,0.0004501749463970661,0.00012062882768666375,1.1376453050528482e-05
2021-02-12,0.00037474031587653254,0.00018482669494072912,2.2633031045388508e-05
2021-02-13,0.0005390969245128388,3.214423346362734e-05,1.0965733617764089e-05
2021-02-14,0.0002558785729036161,9.069044611960267e-06,9.041645685640146e-06
2021-02-15,0.0004632041579524351,0.00010614982532402762,1.2811812194432003e-05
2021-02-16,0.0005261966304075346,4.26398630130274e-05,1.3351218925244135e-05
2021-02-17,0.0003470083657799197,0.00015894780108653697,7.623702526461346e-05
2021-02-18,0.00043991928828777065,5.454660104958828e-05,8.775641245331772e-05
2021-02-19,0.0002417270274592733,1.1192461401769695e-05,2.1069774340173553e-05
2021-02-20,0.0005304944366698311,3.9356259788060334e-05,1.2342495673178687e-05
2021-02-21,0.01985240384863048,0.0019301272451804376,0.00037329923260373635
2021-02-22,0.00023701441213221238,2.3658972877425047e-05,1.3302178728419064e-05
2021-02-23,0.00012765042839474666,0.00016024534366518962,0.0002943128302675803
2021-02-24,0.0002587702098030769,0.00013347908038295408,0.0001899493817303031
2021-02-25,0.00017128842698426914,0.0003473688169125472,6.349142837820072e-05
2021-02-26,0.0004812247049254276,8.940821048360039e-05,1.1560276722042122e-05
2021-02-27,0.0002537277571874866,1.208292650717365e-05,8.192278969716375e-06
2021-02-28,0.00024372258259292218,2.5033485681151152e-05,5.214928976263155e-06
2021-03-01,0.0002697125066220327,0.0002963941431176722,1.6086542391365187e-05
2021-03-02,0.00019946343578271234,0.00034289140969523884,3.983149692153894e-05
2021-03-03,8.481446211329346e-05,0.00044659777637228717,5.078095364548948e-05
2021-03-04,0.0004897927790939933,4.932179662645393e-05,4.30940266070693e-05
2021-03-05,0.000489467891807284,3.500645588640902e-05,5.771884443737717e-05
2021-03-06,0.00032590861549479887,0.00021745522805677412,3.8804805407610616e-05
2021-03-07,0.0005137204190906262,4.9798247795488515e-05,1.8643704852062426e-05
2021-03-08,0.00024507841577134154,0.00023697450738298533,0.00010014026897674332
2021-03-09,0.0003129054918568562,0.00017967856119953255,8.959372887823485e-05
2021-03-10,0.1017955501618902,0.03353542624766421,0.0037306013840530255
2021-03-11,0.00027374340215092433,0.0002927203501834941,1.568491994059862e-05
2021-03-12,0.00026340193414499527,0.0002729349282233464,4.5856329762728465e-05
2021-03-13,0.00025231671248200036,1.158974583341146e-05,1.008280488580477e-05
2021-03-15,0.0004289326303253009,0.00011136814733704748,4.185474434424876e-05
2021-03-16,0.00019064593694820059,0.0001611603016752689,0.00023038695350760066
2021-03-17,0.0002875234452986604,1.519445369624178e-05,5.486029934951393e-06
2021-03-18,0.0004620473643892237,4.0189998757639923e-05,7.995582898420655e-05
2021-03-19,0.000135451933772752,0.00043401843148851776,1.2722826869800333e-05
2021-03-21,0.0005175048215208485,5.80444573024386e-05,6.688433163836003e-06
2021-03-22,0.0005045767655764404,6.201690730966666e-05,1.563947261329611e-05
2021-03-23,0.0003982492842264484,0.00013779946844823943,4.613125457289504e-05
2021-03-24,0.0004684124858962059,5.4257857700654754e-05,5.951188896368146e-05
2021-03-25,0.0002481246767550217,1.4137845981182775e-05,1.1726740465012067e-05
2021-03-26,0.000527351463631914,2.334564787334658e-05,3.1437861306596334e-05
2021-03-27,0.000248179474607662,2.2795906698341215e-05,3.0138818952133817e-06
2021-03-28,0.0005436553970848289,2.405835987938489e-05,1.4465735703696238e-05
2021-03-31,0.12914353488276573,0.033753167490341414,0.005424876608203661
2021-04-01,0.000534956591496774,2.746932225321095e-05,1.9767278381085113e-05
2021-04-02,0.00035984465221423467,0.00019924064317969708,2.3096937166610324e-05
2021-04-03,0.0002849411051455416,0.00025661824008362644,4.063384690190201e-05
2021-04-04,0.00023833641032715823,1.1117114354389362e-05,2.452888878808891e-05
2021-04-05,4.3500362020913146e-05,0.00021673464016760233,1.3735995061820991e-05
2021-04-06,0.0001991217081561948,0.00015889011657748903,0.00022418136739738628
2021-04-07,0.07853165175566154,0.006149750078498569,0.0012964026713083606
2021-04-08,0.00036267404141313806,0.000119312809406303,0.00010017894238530892
2021-04-09,0.0005266552538980871,4.5640450013725696e-05,9.897488219257282e-06
2021-04-10,0.00025322087705056435,1.6521552571033357e-05,4.246833579618856e-06
2021-04-11,0.019673862580831442,0.0018448228918918272,0.00032892996519100047
2021-04-12,0.00027053593380886674,7.776892326454653e-05,0.00023391801496169224
2021-04-13,0.07769729279802437,0.007225128703213436,0.0010553752991324258
2021-04-14,0.00042337622093831305,6.10889119627258e-05,9.772805923003126e-05
2021-04-15,1.980942372944796e-05,0.00021017031407007317,4.400952540169541e-05
2021-04-16,0.00020620336523227524,0.0003574691226163532,1.851043081814401e-05
2021-04-17,0.0002533167732926848,1.3836457791661437e-05,6.836032116870353e-06
2021-04-19,0.00046207047918946185,0.00010664832121974109,1.3474391721867227e-05
2021-04-20,0.000255166200819293,1.0411592001646229e-05,8.420603355717389e-06
2021-04-21,0.06519012501665399,0.019475817169845935,0.0013118546138703119
2021-04-22,0.11469448641571818,0.09529158215313771,0.034743939867030005
2021-04-23,0.0002750789570419099,0.00029723720768499713,9.863327941003068e-06
2021-04-24,0.0001345378612072374,2.2494518508819876e-05,0.0001169751494360394
2021-04-25,0.0002302331778679823,7.918289706515158e-06,3.5837795626719126e-05
2021-04-26,0.0003600341216116702,0.00020530301190718416,1.686633207651344e-05
2021-04-28,0.00029404434773616455,1.8986803290151218e-05,0.00026922026042396747
2021-04-29,0.07398552965903771,0.010336790192899665,0.001347273019503024
2021-05-01,1.3041127503735969e-05,0.0005517444881826151,1.7407576444718996e-05
2021-05-02,0.00024524778949140897,2.546730201455308e-05,3.2741716952545375e-06
2021-05-03,0.00043112036277577476,4.857365118082829e-05,0.00010246835778157407
2021-05-05,0.0002719324364573657,4.030877111315052e-05,0.0002699519845605539
2021-05-06,0.00023401422970015904,3.476923750023438e-05,5.233194927143236e-06
2021-05-07,0.00043046235838861235,0.000142809592036561,8.921241705896827e-06
2021-05-08,0.020062628815592357,0.0010955311142030783,0.0009976594370486895
2021-05-09,0.00018883340019827845,8.170359828660278e-05,3.47966364265545e-06
2021-05-10,4.075352344917491e-05,0.0001567846266408972,0.000384655042040998
2021-05-11,3.243258843655032e-05,0.0003520164165462236,0.00019771336675540322
2021-05-12,0.0003610995302089542,0.00019161457457148384,2.9468813886334423e-05
2021-05-13,0.000530488436742539,3.656754203696287e-05,1.5168033744461294e-05
2021-05-16,0.00013518630246348024,0.0001353095976319208,3.4933631058155112e-06
2021-05-17,0.00011855972067488641,5.287079482239475e-05,0.0001025633141916554
2021-05-18,0.031973124635066,0.029434734537346335,0.0012864586892655113
2021-05-19,0.0004549697499093956,7.463178781555106e-05,5.256083401323047e-05
2021-05-20,0.00018475096017658033,1.0959570528048663e-05,7.830613142290769e-05
2021-05-21,0.0002301966459662221,3.874208181665202e-05,5.050535418342425e-06
2021-05-23,0.00010671881801687385,8.192278969716375e-05,8.534765548717896e-05
2021-05-24,0.0005189670114656359,5.0476149757763776e-05,1.2691811588457329e-05
2021-05-26,9.9321107910441e-06,0.00018058632337592185,8.347082903425063e-05
2021-05-27,8.507536459647455e-05,1.288333213532606e-05,0.0004842344953992695
2021-05-28,0.0001614344738781568,4.239983848038826e-05,7.01549508426715e-05
2021-05-29,0.0001656447755560155,1.338894199509945e-05,9.493727969922155e-05
2021-05-30,0.00020091632670545212,4.556989425562633e-05,2.7503042240138115e-05
2021-05-31,0.00023033885944093133,3.614701208090335e-05,7.503391679381888e-06
2021-06-01,0.0004511736883703567,0.00011670323554941904,1.4262615379801275e-05
2021-06-02,0.000142784938029594,2.1462492284095296e-05,0.00010974183288752728
2021-06-03,0.00041718740417577153,9.88748270391695e-05,6.61309609161291e-05
2021-06-04,0.00015788631291970104,4.330856953667229e-05,7.278981425712319e-05
2021-06-05,0.00012982981236789646,2.6864647256879284e-05,0.00011729480357644081
2021-06-06,0.0001671334505527421,0.00010323915437421841,3.6166582742560586e-06
2021-06-08,8.699159106638626e-05,0.00016414696758384881,2.2878103477301584e-05
2021-06-09,0.0005310729364580172,4.2144996698381755e-05,8.975258974671187e-06
2021-06-10,0.09685322431112382,0.01876340586133803,0.0014141094804084992
2021-06-11,0.000394125536258683,0.00017785865556486544,1.0236399233841737e-05
2021-06-12,0.00024644649251791425,2.2946600793101887e-05,4.603019621780438e-06
2021-06-14,0.00023869756726087435,0.00010880839961719665,0.00023468722525299917
2021-06-16,0.058714234851985445,0.002699368785549,0.0012744830878614747
2021-06-17,0.00038675924480736186,0.00012754859444130863,6.786137995494192e-05
2021-06-18,0.00020919080245412883,5.644178821945061e-05,8.356672527637105e-06
2021-06-19,0.0002505083833448723,1.9261445203045525e-05,4.219434653298735e-06
2021-06-20,0.0005281201922644514,4.1038810474108774e-05,1.3034189392510002e-05
2021-06-21,0.00025716632244066187,7.918289706515158e-06,8.904651054039539e-06
2021-06-22,0.019784338936601163,0.0006527209936590135,0.0017187697100482476
2021-06-23,0.0005440304283868785,2.3695262919734554e-05,1.443839116485054e-05
2021-06-24,0.00022349304199323233,1.8768264529283336e-05,3.1727956678700875e-05
2021-06-25,0.0003167003951899057,5.914186427586846e-05,0.000206350932665296
2021-06-26,0.0005249259380185471,5.009940772242781e-05,7.123326534042055e-06
2021-06-27,0.0005437102221312063,1.3681540015080148e-05,2.4801429984783587e-05
2021-06-28,0.00034268989421386563,2.968119120559216e-05,0.00020982210671161228
2021-06-29,1.1945931875573041e-05,0.0001302681951890184,0.0001317751361366251
2021-06-30,0.00022351414062507204,0.00016440066784693193,0.00019427838365906617
2021-07-01,0.0003932315034173621,0.00015420813581945014,3.475355289425784e-05
2021-07-02,0.0005175940569454574,5.0916839102232886e-05,1.3691429058819947e-05
2021-07-04,0.00025467302014553077,8.548465011877955e-06,1.0795176970127931e-05
2021-07-08,0.00030102625159172995,7.343688016950528e-05,0.00020773006036983488
2021-07-09,0.00014109351097809847,1.6680466343690064e-05,0.00011621528587942801
2021-07-10,0.00013585484318773342,0.00043445141140848733,1.1900636998009453e-05
2021-07-11,0.0001381727854323735,6.773014586334074e-05,6.808633190550231e-05
2021-07-12,6.219556274667616e-06,2.1151971119133918e-05,0.000246617735807415
2021-07-13,0.0003435613657299059,0.00018282298848435092,5.580883791681322e-05
2021-07-14,0.0003072528279708615,0.00014584846868450913,0.00012909189547569947
2021-07-15,0.00037732352149093934,0.00015002406414923775,5.484560649089299e-05
2021-07-16,2.2001337835057687e-05,0.000248864447765665,3.15087652681399e-06
2021-07-17,0.00024006939241690594,2.7741412899123178e-05,6.164758422027372e-06
2021-07-19,0.0003850538208921075,5.919340876867497e-05,0.0001379322630071276
2021-07-20,0.0004038689612439496,0.00015122282506544124,2.705859669891264e-05
2021-07-21,0.0002039370583322455,1.3151484633658394e-05,5.690072023531265e-05
2021-07-22,0.00013970544259080372,0.0003341640519191902,0.00010832369762107611
2021-07-23,0.0004887130931666336,7.454123699691125e-05,1.8932012235945277e-05
2021-07-24,0.00020288904940050085,4.918107274461837e-05,2.1919141056097326e-05
2021-07-26,0.0004612082186866468,0.00010845934179520573,1.2509192293425486e-05
2021-07-27,0.00013580277830568298,8.023775572847628e-05,5.79487291670573e-05
2021-07-28,0.00022322818570547117,4.434972873683692e-05,6.402215783468426e-06
2021-07-29,0.0004822238275521782,7.392754171433844e-05,2.6041822864553453e-05
2021-07-30,0.0005328446507387524,4.0588259691663395e-05,8.753432724455947e-06
2021-08-01,2.9864829688932603e-05,5.863370232506034e-06,0.00023826106327977793
2021-08-02,0.00018016191195533208,0.0001519269343739152,0.00025010434580182285
2021-08-03,0.00025530319545089355,1.4055649202222408e-05,4.6304185481005594e-06
2021-08-04,0.000280590779000528,0.00015909777413523522,0.00014248922879886043
2021-08-05,0.0005373332376035812,2.718201423917064e-05,1.769163975147832e-05
2021-08-06,0.00047265106321241164,8.381363704840791e-05,2.5729038002081964e-05
2021-08-07,0.01326010867337911,0.0021971555202147715,0.04692261860287218
2021-08-09,0.0002451655927124486,1.937104090832601e-05,9.452629580441973e-06
2021-08-10,0.0002691236707415481,2.6690460245325318e-05,1.2389797942980113e-05
2021-08-11,0.003406417024081618,0.001779274086178569,0.016970138530048237
2021-08-12,0.00041255182264944546,0.00015754531457977237,1.210975436501232e-05
2021-08-13,0.015090616408025783,0.09721541443506841,0.026755517536895618
2021-08-14,5.17782600602154e-05,0.00021771525539604857,3.87104134735896e-05
2021-08-15,0.0002356581652793664,2.7024474327079995e-05,1.1297490619330161e-05
2021-08-16,0.0002577690988197045,9.6170231383627e-06,6.6031412431493185e-06
2021-08-17,0.00022066043478635356,4.098528578280165e-05,0.0003205320613654684
2021-08-18,0.00024230414654725642,7.814365873169731e-05,0.00026177620724500937
2021-08-19,0.0004710362592088168,7.563398352232543e-05,3.5518810630040084e-05
2021-08-20,0.014484532613702346,0.0004336298861117324,0.006655463674898977
2021-08-22,0.0001394331360430991,2.5864586446194844e-05,0.00010870524017508266
2021-08-23,0.0004713230474118242,5.2495461917077956e-05,5.8390092998614535e-05
2021-08-24,0.00043211210724718814,0.00010767129473175303,4.24406105450219e-05
2021-08-25,0.10993303062035084,0.0031025498072683013,0.003983505075606239
2021-08-26,0.00048976731710341,7.466379608032862e-05,1.7762078947331356e-05
2021-08-27,0.07843595575549032,0.006322804333692888,0.0009193723426179981
2021-08-28,0.07353342563329537,0.06765112061993876,0.006899174900793842
2021-08-29,0.00027559595324907506,2.3731702527598724e-05,8.907093546072767e-06
2021-08-30,0.00026795249581161465,1.2790463050588924e-05,2.749179046054294e-05
2021-08-31,7.797734430706623e-05,1.3507670675819974e-05,0.00018250424821833036
2021-09-01,0.00025043303629749197,1.7103779755335945e-05,6.438747685228589e-06
2021-09-02,0.0002744864191049276,2.8909528533620262e-05,4.807981291305715e-06
2021-09-03,0.0004956907175108119,7.419036424017721e-05,1.2312110380081094e-05
2021-09-04,0.0002685009761860766,0.0003017775667558461,1.1914649189147451e-05
2021-09-05,0.0005373627007817716,2.166768798457113e-05,2.3178213561173954e-05
2021-09-06,0.0003841630677803049,0.00018273891780968085,1.529462800765725e-05
2021-09-07,0.0003921075055012284,5.3352573079738666e-05,0.00013675366047869838
2021-09-08,0.019461787133214087,0.0024451659332162083,0.00024886630041382786
2021-09-09,0.0005002812477907381,7.135341963221311e-05,1.0558524708118885e-05
2021-09-10,0.0005013226467902218,7.249899969307466e-05,8.37154564777366e-06
2021-09-11,0.005188381860428272,0.08002731009561645,0.0007620603244694549
2021-09-12,0.00033400069172328357,7.946637941479774e-05,0.0001687261209929888
2021-09-13,0.09855094040265565,0.01698078217554674,0.0014990483877265967
2021-09-14,0.00027766091957290507,2.410154724231455e-05,6.441462114633939e-06
2021-09-15,0.0002440422367333236,2.5754990740914355e-05,4.192035726978613e-06
2021-09-16,0.0002339320329211987,3.0960786741737474e-05,9.123842464600511e-06
2021-09-17,0.0002468899393485393,0.000208939256264654,0.0001263845434464721
2021-09-18,0.0019161647460614335,0.0008698978872934793,0.08320026345391185
2021-09-19,0.000248864447765665,1.6603749349993725e-05,8.521066085557835e-06
2021-09-20,0.00023560428212515962,0.00014913633448658157,0.00019744344254388888
2021-09-21,0.00024894664454462535,2.085058292961258e-05,4.192035726978613e-06
2021-09-22,9.028859520024091e-05,9.196906268120835e-06,0.00017449462875741479
2021-09-23,0.00032147050487586716,0.0002489245038982189,1.1798183356984025e-05
2021-09-24,0.08018077144151567,0.0027456101029620164,0.0027517508873235144
2021-09-25,0.07758741887586401,0.003430668786566473,0.004685709601274234
2021-09-26,0.0005032890761952376,2.0558398584058562e-05,5.8336584376333936e-05
2021-09-27,0.14822141834337493,0.018563440948420863,0.0015146959976046035
2021-09-28,0.000183326216007934,8.770396315070941e-05,2.959084042573139e-06
2021-09-29,0.0005391387843269608,3.090337829032487e-05,1.215102951378438e-05
2021-09-30,0.1256148070842676,0.011412379007296743,0.001712312438466665
2021-10-01,0.0023119724200485036,0.1040489610436258,0.01036160226026618
2021-10-03,0.0002480972778287016,1.1671942612371825e-05,1.422004276014314e-05
2021-10-04,1.1662809636931786e-05,0.00012398014159855047,0.00013834631196573427
2021-10-05,0.0035085534218833,0.1320910521687045,0.0034619612434490608
2021-10-06,0.08099210182629993,0.0031723011172500094,0.0015051944943781693
2021-10-07,3.868728396401177e-05,0.00022557536039356159,9.699219917323066e-06
2021-10-10,9.879213533419188e-05,0.00029595514534726556,0.00018744591144961265
2021-10-11,0.0002662004651269894,0.0002393570162123196,7.667566416009414e-05
2021-10-12,0.0002583718751987472,6.9593272853109e-06,8.658060717158444e-06
2021-10-13,0.00018570992259778457,2.3439781466864076e-05,6.485325859972796e-05
2021-10-14,0.00012214441353510232,8.975888262471854e-05,6.205856811507555e-05
2021-10-15,0.00022660008023793414,2.115745090439794e-05,2.623173205888447e-05
2021-10-17,0.00021820504921344887,4.690696186004827e-05,8.877252127719417e-06
2021-10-18,0.0002224244838667476,4.813991354445375e-05,3.424865790015207e-06
2021-10-19,0.00018847036442453684,8.081313318119882e-05,4.705765595480895e-06
2021-10-20,0.00011170542260713599,0.0001483612718911273,1.3930396967616138e-05
2021-10-21,0.0003509647317216526,0.00017973518906707928,5.1533224710671236e-05
2021-10-22,0.00025111115972391496,1.7946296739679684e-05,4.931806737621898e-06
2021-10-24,0.00022919201866781764,3.601588864779992e-05,8.76765642243893e-06
2021-10-25,0.00015592043995623232,0.00010672566774845388,1.1343155496530365e-05
2021-10-26,4.2610810213053204e-05,0.00021344311581901173,1.7929857383887612e-05
2021-10-27,0.00015970834151998912,0.00010719829922747597,7.0826224537514484e-06
2021-10-28,0.24442773992046044,0.038004915371840586,0.0025894601821007997
2021-10-29,9.966816097716253e-05,0.00016857646067226851,5.762907502665588e-06
2021-10-31,0.0005390355420675563,2.116117496310124e-05,2.1982775637252526e-05
2021-11-01,7.247929309216182e-05,0.0001784674730738324,2.3024231084342232e-05
2021-11-02,0.1484282206757421,0.018183626448409207,0.001961706561425728
2021-11-03,0.00016073580125699368,1.8329881708161387e-05,9.491901374834144e-05
2021-11-04,8.436557740048126e-05,0.0004777115796363485,2.0116035094240355e-05
2021-11-05,0.09863728735766443,0.005530799713453402,0.0020687162264977845
2021-11-07,0.0005011995827685475,7.229145029223787e-05,8.702159070284702e-06
2021-11-08,0.00020698518888535904,2.0090262724229205e-05,4.691381159162831e-05
2021-11-09,0.05911612331904564,0.0069727942721679315,0.04013731673534422
2021-11-10,6.182763430752023e-05,0.00018068026255187652,3.1469623944825446e-05
2021-11-11,6.991749348123044e-05,9.755387716279314e-05,0.000106527025532633
2021-11-12,0.0919743766199411,0.023382752283026498,0.0013654216946757504
2021-11-14,0.00019989708664634357,2.613857570939606e-05,4.7948121060212896e-05
2021-11-15,0.09472714354049178,0.010041843343161922,0.0014572246104654926
2021-11-16,0.00015067531526018204,0.00029772301663103266,0.00013378938045459138
2021-11-17,0.0004458733376851156,0.00010938374163565556,2.6931546322578895e-05
2021-11-18,0.24447704354507802,0.0378868126239964,0.002658238758398812
2021-11-19,7.808694001234671e-06,0.00023365804365799747,3.2522525541984407e-05
2021-11-20,0.08887961972569533,0.010231598285975665,0.006806823802176261
2021-11-21,0.0936059425190391,0.011303175567001236,0.0010089168780753144
2021-11-22,0.00016899353321736367,6.193070645891498e-05,4.307111217523124e-05
2021-11-23,0.09701766718140312,0.007283489349404261,0.0016169058322346047
2021-11-24,0.07121726759726447,0.02041175784131898,0.014597222587437503
2021-11-25,0.09391399074811546,0.00768458053250178,0.004627667612428284
2021-11-28,0.00021272526394942453,5.134558792390799e-05,9.891012401563918e-06
2021-11-29,0.00015296135591365916,0.00011265753529676022,8.377221722377196e-06
2021-11-30,0.0004210291610931955,3.6839139150255945e-05,0.0001243248918876187
2021-12-01,0.09619423193920135,0.008343871127841398,0.0013799154577171326
2021-12-02,0.11670968152776674,0.009087752022909184,0.0019918671125125596
2021-12-03,0.000527175935474684,4.3548050771404046e-05,1.146920588498208e-05
2021-12-04,0.0002612028297680509,8.352326473999032e-06,3.864877268780364e-05
2021-12-05,0.01727269967356671,0.0008362479369558467,0.003738674677123296
2021-12-06,0.013971314153370072,0.0016312108256408332,0.006245074019547573
2021-12-07,0.00022653432281476585,3.70707473111246e-05,1.0356794149005986e-05
2021-12-08,0.020074439271579973,0.0007744158281770507,0.0009965912331427824
2021-12-09,0.00017307216783262846,3.1782754531341116e-05,6.912749110566695e-05
2021-12-10,0.0005120317160275467,5.3256773663803764e-05,1.690470243971967e-05
2021-12-12,0.0005313968361176343,3.1176445438618805e-05,1.9619910574817062e-05
2021-12-13,1.1863735096612677e-05,0.0001274050073885657,0.0001347205207160382
2021-12-14,0.042139788794574126,0.019603348433997574,0.0006305349785410367
2021-12-15,7.991353510035483e-05,0.00015710544351957759,3.694288565496403e-05
2021-12-16,0.00015189416773349042,2.55631982566735e-05,9.652641742578859e-05
2021-12-17,0.00010634893251155221,2.28370050878214e-05,0.00014480332560184295
2021-12-20,0.00026769242974186605,6.270220679251625e-05,0.0002517985555966878
2021-12-21,1.6137967602551656e-05,0.0002505357822711924,7.315513327472482e-06
2021-12-22,0.0002122594822019825,7.096321916911509e-06,5.463345908232258e-05
2021-12-23,0.00017762723933334868,2.6074644881315775e-05,7.027824601111204e-05
2021-12-25,0.0002845955079738268,1.8954541629185995e-05,4.653879326840789e-06
2021-12-26,0.00027917111882466136,2.3361857812882903e-05,5.670952292309306e-06
2021-12-27,0.07835304033284451,0.004057571080771523,0.0015345296055922894
2021-12-28,0.00024187224176876995,2.508097715343936e-05,7.0360442790072416e-06
2021-12-29,0.0002561799610931375,1.1151363012289513e-05,6.630540169469441e-06
2021-12-31,0.00025900205050411,6.9593272853109e-06,8.055284338115766e-06
2022-01-01,0.07622874503069393,0.008296954405284655,0.0014521179113202458
2022-01-02,0.019276034987106113,0.001928682180019347,0.00036890900758759326
2022-01-03,0.00016994458039318658,1.9288844129365642e-05,8.474487910813629e-05
2022-01-04,0.00010184180913189219,0.00015519665165260907,1.6950802416715262e-05
2022-01-05,0.00015374085536746664,4.006818985054591e-05,8.018569776846805e-05
2022-01-06,0.00022235465859011345,0.0002655183360493409,9.431410884132245e-05
2022-01-07,0.00038549332211747624,0.00015361898292591387,4.306992751715197e-05
2022-01-08,0.0002533304727558448,1.3836457791661437e-05,6.7949337273901705e-06
2022-01-09,9.485508292026118e-05,0.00013802665782533283,4.110752245562252e-05
2022-01-10,0.06320461567783922,0.04143354614023548,0.0012798731460409638
2022-01-11,9.131148844952544e-05,9.801509242251519e-05,8.466268232917592e-05
2022-01-12,6.145579173603287e-05,0.00019754625876807714,1.4987212697106546e-05
2022-01-13,0.09207746118710483,0.012596408797367896,0.00156293331314288
2022-01-14,0.0002446998109650065,2.4713831540749735e-05,4.575620695460317e-06
2022-01-15,0.09958453365746885,0.0034351561607977683,0.0032064908554596877
2022-01-16,3.1837552383981364e-05,1.9480636613606496e-05,0.0002226710742036287
2022-01-17,0.0002588924547988295,8.384071453957226e-06,6.712736948429806e-06
2022-01-18,0.00023516418177231695,0.00020678797310466282,0.00014024103725409034
2022-01-19,0.00033830146696484683,0.00011455693193353508,0.00012934849269584828
2022-01-20,0.0001559742592757897,8.859247118994764e-05,2.9410790338484875e-05
2022-01-21,5.720895815641402e-05,0.00010540366955350801,0.0001113492365649744
2022-01-22,0.01117714003515675,0.0026727943562331355,0.09179411130952456
2022-01-23,0.0003773323932416917,3.365849611896522e-05,0.00017120230277041325
2022-01-24,0.10008646285568684,0.06264093753424155,0.005537935667255614
2022-01-25,0.0003469320042413308,0.00020494650333081817,3.033009475536764e-05
2022-01-26,0.09580030862141484,0.006774467915774303,0.0033432639067117785
2022-01-27,0.00044009180844684147,0.00010986480461530554,3.223657906892315e-05
2022-01-28,0.00011731306952732088,9.196906268120835e-06,0.00014747928740577483
2022-01-29,0.00018295633050261238,8.173099721292288e-05,9.301935485681303e-06
2022-01-30,0.0001872077305699512,7.1876516713119135e-06,7.959388095995342e-05
2022-01-31,0.00017662717852266424,8.261461258674684e-05,1.474747209180548e-05
2022-02-01,0.00017003382261034355,8.035322263225392e-05,2.3606132090950527e-05
2022-02-02,8.90739094667155e-05,0.00013847417362189483,4.644118011260621e-05
2022-02-03,0.00015541658388649592,0.0002746619765160265,0.00015212833119170773
2022-02-04,5.1372986850228104e-05,9.299195593049289e-05,0.00012962432042049556
2022-02-05,0.00053689858897701,3.540084912935356e-05,9.89375402470648e-06
2022-02-06,0.0002171364910869641,4.63041854810056e-05,1.0548586633246837e-05
2022-02-07,0.0002615501506518813,7.205917622191996e-06,5.233194927143236e-06
2022-02-08,8.693679321374601e-05,1.1553213931651297e-05,0.00017549925605581923
2022-02-09,0.0005005084806366085,2.86989476491238e-05,5.298576384533782e-05
2022-02-10,1.3282999479994979e-05,0.00014102227376966618,0.00011967303038102737
2022-02-11,8.452508943535663e-05,6.475016590587805e-05,0.00043294875718272847
2022-02-12,0.0004528887590578739,0.00012066726827092731,8.637164802268898e-06
2022-02-13,0.00018817582596659555,8.00459632442354e-05,5.7674739903856085e-06
2022-02-14,0.017041846731985364,0.004552997156849504,0.0002527715490794019
2022-02-15,0.0003249078793729737,8.285642609647082e-05,0.00017442888666162568
2022-02-16,7.714852678588256e-05,1.705583163427573e-05,0.00017977805504947825
2022-02-17,0.07312207413979856,0.030620563045709995,0.0021859553334456325
2022-02-18,0.00020534125330615174,6.0565326630628916e-05,8.082683264435888e-06
2022-02-19,0.0002784006090023367,2.0171947148458913e-05,9.631372779057924e-06
2022-02-21,3.257732339462465e-05,3.3673280447429515e-05,0.00020773865935916238
2022-02-22,8.145700794972168e-05,8.213513137614469e-05,0.00011039712387535017
2022-02-23,1.0021157301584496e-05,0.00018800458267709478,7.59635232225373e-05
2022-02-24,0.00033394770843456277,0.00018061945029216198,6.765685379723836e-05
2022-02-25,8.237943846916577e-05,2.1846077252577e-05,0.00016978201343035386
2022-02-26,0.000482055963084526,9.408241984838093e-05,6.054809198163129e-06
2022-02-27,0.0005388780186365186,1.9212375340325313e-05,2.4102798154226302e-05
2022-02-28,8.947119389835726e-05,0.00014839943468135893,3.610493515834031e-05
2022-03-01,0.020061254051245758,0.001223319309628094,0.0005630577335697466
2022-03-02,0.0948002504188069,0.009976561547437094,0.0011412138648962326
2022-03-03,0.00016825680653186707,7.745676470698392e-05,2.8248293036045425e-05
2022-03-04,0.00044781539696929983,7.77584849897203e-05,5.661702692818993e-05
2022-03-05,0.00015126947221339167,0.0001106916623332915,1.2028128654533406e-05
2022-03-06,0.0001777368350386292,4.655077581788669e-05,4.970165234470068e-05
2022-03-07,0.00011527119716108325,9.078438529555737e-05,6.794150900923882e-05
2022-03-08,0.00016660259635528974,4.838650388133484e-05,5.9007012696171994e-05
2022-03-09,0.00020797497509867342,3.687210509530372e-05,2.915245760460944e-05
2022-03-10,0.07574520941565889,0.08735133137066278,0.005235591639988683
2022-03-11,0.00043193022243027685,0.00012924349240253557,2.10194772982577e-05
2022-03-12,0.09322043642446588,0.005823753079826087,0.006879127662108748
2022-03-13,0.0027733619740595633,0.10137222514788112,0.001783012246745079
2022-03-14,0.00014645274096631428,3.0188137019510036e-05,9.735112510802425e-05
2022-03-15,0.1995095333322797,0.021642459605004598,0.002859651521613267
2022-03-16,0.14342728536403915,0.01377668871069811,0.010826165011996564
2022-03-17,0.09622627188887051,0.005741991239188059,0.004257971850854624
2022-03-18,0.08597591744360251,0.006269241996090209,0.013672864564852413
2022-03-19,0.024720392383134983,0.0736868757481931,0.007518703835678294
2022-03-20,0.0669255029515293,0.03725009051414244,0.0014578878306726194
2022-03-21,0.09665914079074643,0.00784186953452062,0.0014170246388486147
2022-03-22,0.00034680796050346954,0.00022446718099195884,1.0904351172481632e-05
2022-03-23,2.6412564972597274e-05,6.883523589158564e-05,0.00017874146233703362
2022-03-24,0.0001444033012775692,2.2105453755074153e-05,0.00010748050816857323
2022-03-25,0.005947979152680817,0.09666140030770116,0.003308660070221395
2022-03-26,0.0004753293771073815,7.539920744046522e-05,3.1464607583223366e-05
2022-03-27,0.00024084752192439742,1.96833886683754e-05,1.3452872823179732e-05
2022-03-28,0.00013416756056666845,0.00010973768153505452,3.008153028800993e-05
2022-03-29,0.0004624121806111053,7.149487230620595e-05,4.8277919535862864e-05
2022-03-30,0.0001707398342296281,9.763607394175352e-05,5.6202047614149545e-06
2022-03-31,9.433450332017885e-05,7.73837009034636e-05,0.00010227105897757411
2022-04-01,0.0004406085246821212,0.00012682542331191222,1.4795544315193699e-05
2022-04-02,8.8735989375434e-05,0.0001598362031761497,2.5417070649632856e-05
2022-04-03,0.00022378073071959361,3.0467606067975278e-05,1.9740926413647653e-05
2022-04-04,8.533852251173892e-05,1.5964441069190884e-05,0.00017270456557116684
2022-04-05,0.00012375410045640948,4.105729109070231e-05,0.00010917787165410476
2022-04-06,0.00014403341577224753,2.1795845887656775e-05,0.00010816000154131225
2022-04-07,0.08092377260822757,0.014299908783736147,0.011002557501081804
2022-04-08,0.0002890245728295564,0.00022079389739098506,7.241163095371498e-05
2022-04-09,0.0005412581134036358,2.8835724730826713e-05,1.2071955070287545e-05
2022-04-10,0.00025185093073455824,1.5905076728830623e-05,6.246955200987738e-06
2022-04-11,0.07685020841991591,0.0019609724144487965,0.005142321287082825
2022-04-12,4.433146278595684e-05,0.00012011004325583331,0.00010955460689100643
2022-04-13,0.05625202219178563,0.005513178524596544,0.0009228677430628738
2022-04-14,0.06903613551530302,0.035658325032817066,0.001223568936210307
2022-04-15,0.1038652821979421,0.011252397281164202,0.0019130572381647838
2022-04-17,0.0002561525621668173,5.342790632423723e-06,1.2466511475655353e-05
2022-04-18,0.000315192849181646,0.00011163160211727642,0.00015537559056372772
2022-04-19,0.00013674881010484292,0.0004157716439526448,2.9641917680689434e-05
2022-04-20,0.00017937217708785774,0.00031661164626537597,8.622306824099656e-05
2022-04-21,0.09279295534916981,0.022289084784137398,0.0016404858053024477
2022-04-22,0.00024872745313406436,1.3973452423262045e-05,1.1302057107050183e-05
2022-04-23,0.00022058875580329945,5.0386625502703725e-05,3.0138818952133817e-06
2022-04-24,0.0003694858031784076,0.0001637470970984313,4.89500183899336e-05
2022-04-25,0.00010731768026358509,5.918950911612567e-05,0.00010747815968917436
2022-04-26,0.0004266101622462045,7.579335813724857e-05,7.979576039791043e-05
2022-04-27,0.00019070898124546495,3.825388276585713e-05,4.5031380812861764e-05
2022-04-28,0.11865994961363811,0.00501052599014506,0.003821188274938171
2022-04-29,0.0001512804317839197,3.351984646003684e-05,8.9183505171996e-05
2022-04-30,0.08532448136231215,0.01918425578971753,0.001398740257247478
2022-05-01,0.000141433257664468,6.740135874749927e-06,0.00012580217019883858
2022-05-02,0.00017998354699687912,6.367510476796273e-05,3.0312345485494597e-05
2022-05-03,0.00011581526155515425,3.85804281513633e-05,0.00011959905327996305
2022-05-04,0.1729465811860989,0.03826035965569811,0.011159644497190264
2022-05-05,0.09780592756900985,0.004064222842789984,0.004047879072530557
2022-05-06,0.005096599066710004,0.02906767612510296,0.10489727520286814
2022-05-08,8.630661790838322e-06,5.2057960008231145e-06,0.0002601528054095551
2022-05-09,0.0001227706747081337,6.674378451581636e-05,8.447871810959796e-05
2022-05-10,0.00014316281488842568,9.934850683676113e-05,3.1488216073399814e-05
2022-05-11,0.15460789924156018,0.010757119249977659,0.0029609302516797565
2022-05-12,0.011206723012337872,0.0012109798601546062,0.009738113754459014
2022-05-13,0.03971919909854419,0.0018259993689282714,0.020834684328993602
2022-05-14,0.10296733791232673,0.012348665103979199,0.0017264162261271263
2022-05-15,0.00014488666698992417,4.3980700658290104e-05,0.00011930574088874632
2022-05-16,0.02038975440172985,0.0011103210953490002,0.0003475399408354204
2022-05-17,0.09526895668678956,0.06545262767515474,0.0076105634745624925
2022-05-18,0.0003764105080802865,0.00017651625403249728,2.926095023302229e-05
2022-05-19,0.00014725357244132814,1.4873702859494613e-05,0.00011186198790039382
2022-05-20,0.0003167545026924444,0.0001583428149279274,0.00010709039472543428
2022-05-21,0.0004936535530750442,5.947342515290554e-05,2.9035393510227352e-05
2022-05-22,0.05679187401520759,0.0010944489909920918,0.004493573489729545
2022-05-23,0.000371033803314133,0.0001125538812170474,9.861464057532975e-05
2022-05-24,0.00028831748231836825,0.00019650489586209923,9.73817735211307e-05
2022-05-25,3.8824278595612386e-05,1.2274718991414501e-05,0.00022289026561418966
2022-05-26,0.020283836761784368,0.0014826780546336816,0.0003871471878086048
2022-05-27,0.020482695584726002,0.0006763993129330985,0.0006863540446622588
2022-05-28,0.00026445883604684777,0.00027278085942700035,4.4960346388802065e-05
2022-05-29,0.0002236848344774732,2.9262053309889928e-05,2.104237541385343e-05
2022-05-30,0.00021287645371184986,9.286184378656489e-05,2.4656314314388286e-06
2022-05-31,0.0873749538050224,0.01745502062178221,0.0013856692412779292
2022-06-01,0.0003403435316296548,7.152014443506029e-05,0.00017032951606635508
2022-06-02,0.05410628995777784,0.007441531110071425,0.00113406134541434
2022-06-03,0.0004998797891204343,6.215192174276665e-05,2.0188880194189284e-05
2022-06-04,0.0378124440065866,0.05645659375953116,0.01195720112692775
2022-06-05,0.020750753926617745,0.0007798104833226911,0.0006230730511143317
2022-06-06,0.00036190078708348667,2.5549841599412846e-05,0.00019476539588677075
2022-06-07,0.0003920941154698357,9.464391531028305e-05,9.541520798261833e-05
2022-06-08,0.00028813985315652007,1.374589523027147e-05,6.318180543061998e-06
2022-06-09,7.04700384953529e-05,0.00016287291750996318,4.0646307195900476e-05
2022-06-10,0.0004745587399689236,3.0316136951704066e-05,7.727379535438942e-05
2022-06-11,0.0004792845294255848,2.7582271440721267e-05,7.532639126476407e-05
2022-06-12,0.05852412355729794,0.0015722812428785218,0.0022772674069362745
2022-06-13,0.0002720750645188456,3.6012407849436766e-05,0.00027409030956634126
2022-06-14,0.1217588665836595,0.0033248633471597826,0.0036047156843362796
2022-06-15,0.11986288953754612,0.00477394228229021,0.003160862185841614
2022-06-16,0.10852387561007004,0.006582831186554458,0.0019356855395479893
2022-06-17,0.0992463405210455,0.015944200787617487,0.0018402262312671594
2022-06-18,0.020011754996238144,0.0023857834255632724,0.04028433380010885
2022-06-19,0.00020743727116964106,6.400389188380419e-05,2.5481001477713137e-06
2022-06-20,0.2093719104344027,0.011430525871791383,0.09163686533409272
2022-06-21,0.0004919838885121974,5.16905913362633e-05,3.851871228260939e-05
2022-06-22,0.00016624755193505816,2.7225399786760887e-05,8.05163114793975e-05
2022-06-23,0.052315708624221975,0.10616238487177601,0.0021709264426287
2022-06-24,0.0002668121412745742,3.6260192238597276e-05,5.116185220235569e-06
2022-06-25,0.00022995918860478106,1.39186545706218e-05,3.0111420025813697e-05
2022-06-26,0.00019808875750921553,5.4781413284451234e-05,2.1113612622285745e-05
2022-06-27,0.00016735264196330305,0.00010009741082284445,6.530077439628995e-06
2022-06-28,0.00030789444112690623,0.0002578123286213453,1.64487499922008e-05
2022-06-29,0.0002557476202259925,4.6723715625765806e-05,5.732593078095276e-06
2022-06-30,0.050683776946431953,0.006169715012339257,0.005526390837694859
2022-07-01,0.00041478074207505864,3.1342974116937e-05,0.0001360786089145145
2022-07-02,0.053903731610888496,0.026244773863911837,0.0035248036438242534
2022-07-03,0.00025267289852416193,1.2987091075737665e-05,8.329273601316983e-06
2022-07-04,0.00028126690554138435,2.2622168383451254e-05,4.31485500501795e-06
2022-07-05,0.0981366600462818,0.006130727166604448,0.0016506386182539735
2022-07-06,0.12749253150975332,0.009328052048491357,0.0017837907499587604
2022-07-07,0.0545024212785027,0.0029924915349090614,0.005193173911984161
2022-07-08,5.205796000823115e-05,0.0002152185662445556,6.712736948429806e-06
2022-07-09,0.04011998328637458,0.0025099633331451886,0.019749936176946304
2022-07-10,8.923830302463623e-05,0.00010439904225510355,8.035191792147676e-05
2022-07-11,4.657817474420682e-06,4.274232505938978e-06,0.0002650572132208569
2022-07-12,0.16393161948867524,0.0243189901441346,0.01260863036620627
2022-07-13,0.12230051184574643,0.006013425628097296,0.04001198436311331
2022-07-15,0.10087623181594449,0.014157177909069178,0.0019973247090135622
2022-07-16,0.05886526370955461,0.001723845654919677,0.001824957277327524
2022-07-17,0.041335948746265706,0.007878515450346575,0.013473573442439865
2022-07-18,0.20635410829655873,0.011030266461314771,0.005290399099847165
2022-07-19,0.05873733708025923,0.002593110533558227,0.0013638788105913952
2022-07-20,0.0003156040967144326,0.0001661061269610063,0.00010047514019096831
2022-07-21,0.10843834746154553,0.05650183946750333,0.024965593170821303
2022-07-22,0.025305208096179328,0.1659605635992299,0.004265650687398559
2022-07-23,0.0002481246767550217,1.1987030265053224e-05,1.3863856717981558e-05
2022-07-25,8.271243154969605e-05,0.00042376524424221087,7.575832546192986e-05
2022-07-26,0.07663768332752555,0.006060706987263185,0.0015633134523448
2022-07-27,0.11009862281678785,0.0044053184947632175,0.0025384573850864554
2022-07-28,0.054569404075981584,0.006876199876102761,0.0012362721839582458
2022-07-29,0.00017291462400628775,9.175900424608742e-05,9.343033875161484e-06
2022-07-30,0.000290451382623494,7.612637044567383e-06,1.0109088868899198e-05
2022-07-31,0.00022960300256261946,2.4741230467069856e-05,1.9645030171527226e-05
2022-08-01,0.10831264934287299,0.006795899442904055,0.0019105328052583966
2022-08-02,0.01916234455554855,0.001573769293861424,0.0011115015885042993
2022-08-03,0.03283897759741488,0.02859400874980061,0.0012551003781804421
2022-08-04,0.00019245690820411454,5.1465458226558514e-05,3.00668967705435e-05
2022-08-05,0.09097574298706378,0.013574167916638593,0.001676355388269447
2022-08-06,0.15358215073068754,0.005143377358113215,0.009606618036972773
2022-08-07,0.00026570260713042676,3.843302993755274e-05,4.068291861874067e-06
2022-08-08,0.0005363100423390031,2.8751178165755434e-05,1.7174780749078204e-05
2022-08-09,0.00019176508531453144,5.257853960831345e-05,2.9673037204691753e-05
2022-08-10,0.00040662882664587824,7.664651989027659e-05,9.893468366857858e-05
2022-08-11,0.00046732828164700296,9.223747681625479e-05,2.265197683969889e-05
2022-08-12,0.00035822063843728787,3.138067534939728e-05,0.00019260557780754502
2022-08-13,0.000293921053803803,3.5452796583902395e-05,0.0002528193417433647
2022-08-14,0.00017094190131123902,6.329151979948103e-05,3.974214262733646e-05
2022-08-15,0.20027051640210458,0.018651359667998045,0.0037751601275465676
2022-08-16,0.020714976440271683,0.0011045354559979612,0.0003363283605561906
2022-08-17,0.0003947622928604775,3.1199011296188964e-05,0.0001562059169253003
2022-08-18,6.740135874749927e-06,1.5398196591908372e-05,0.00025185093073455824
2022-08-19,1.6550550983533137e-05,1.1095341441474727e-05,0.0002805580365048457
2022-08-20,0.00014378956532799846,3.0221015731094186e-05,0.00010000608106844404
2022-08-21,0.00028777000844180424,1.5348555660706706e-05,5.085364827342584e-06
2022-08-22,0.0003622257720204342,3.2906932090950965e-05,0.00018706962099512495
2022-08-23,0.00038677904761642075,0.0001528690276134689,4.252456997258519e-05
2022-08-24,0.00016995905660836775,4.752504584098342e-05,9.070441628405591e-05
2022-08-25,4.813991354445375e-05,2.370007126690523e-05,0.00020217667731617768
2022-08-26,0.0002556593814930552,1.2658303959896205e-05,5.6715777482651825e-06
2022-08-27,0.10486160242524706,0.007744384687126462,0.05596755744022809
2022-08-28,0.00021297185428630563,5.1372986850228104e-05,9.644422064682823e-06
2022-08-29,0.000304953780429268,2.939994039050268e-05,0.00024781207238497934
2022-08-30,8.487274076429685e-05,0.0001590690332391863,3.0065755148613502e-05
2022-08-31,0.020795472316134652,0.0006764288307364374,0.0006861143954699848
2022-09-01,8.474812554592782e-05,0.00010828555947590463,0.00038916498689450167
2022-09-02,0.000244609503742214,0.0003147795663565535,2.280412203230261e-05
2022-09-03,0.000409601033932801,9.286581901651369e-05,7.975715957464845e-05
2022-09-04,0.0004524557667771148,5.780358135860893e-05,7.196466438823943e-05
2022-09-05,0.009973118124087542,0.07453153649402637,0.0014731604482072144
2022-09-06,0.0003901619765433917,9.840877038776581e-05,9.3619998381603e-05
2022-09-07,0.0003376147257665821,0.0001545914520879094,9.000100661982007e-05
2022-09-08,0.010126084190182235,0.0006752683075014229,0.011354466869160468
2022-09-09,0.07905693883762746,0.0953713493077199,0.01570207888034353
2022-09-10,0.0002022211267157298,0.0002707758344863936,0.00010919623092894664
2022-09-12,0.00023901595895262697,8.037614515158008e-05,0.0002628274577938376
2022-09-13,0.15556954602998577,0.006668303442764699,0.0063440946474191415
2022-09-14,0.07310876279808175,0.0037448772158892225,0.009124157926888124
2022-09-15,0.02062278471740361,0.001063616524279982,0.00046940000290383074
2022-09-16,0.10182649245394948,0.013120926594564488,0.0020833413565623723
2022-09-17,0.0004187383719075325,0.00010597323928921733,5.748158093432033e-05
2022-09-18,0.0002746713414622855,3.0512188964055505e-05,3.0203985035125647e-06
2022-09-19,0.00023899309614180088,0.00011569885693832999,0.00022750123905093922
2022-09-20,0.020581665236514196,0.0006033170319614102,0.000662633169438667
2022-09-21,0.00043936488338683344,9.503926751506018e-05,4.77890412291765e-05
2022-09-22,0.32967150775853227,0.03658990298957872,0.004164827347962193
2022-09-23,0.0005068143163354473,2.4554764865125157e-05,5.0854931323390665e-05
2022-09-24,0.0005158690292298573,2.341816491793841e-05,4.29059979832744e-05
2022-09-25,0.0005368467367005415,3.185993901010172e-05,1.3486516420426918e-05
2022-09-26,0.00046527029681488446,4.465730662120186e-05,7.225776043032088e-05
2022-09-27,0.00713045939549666,0.011132847722517825,0.003892527659026086
2022-09-28,0.006870433341537041,0.014709154887085038,0.0005762318243282765
2022-09-29,0.00015875851207422493,7.299073971680409e-05,4.2240011410187555e-05
2022-09-30,0.037468289344030715,0.08061207444684053,0.04994356470650927
2022-10-01,0.0004518697329993506,6.21647389987117e-05,6.816251109889961e-05
2022-10-02,0.00017725931089419277,1.4106532922531207e-05,8.261950525216112e-05
2022-10-03,0.0003137391935380537,0.00025393904057686105,1.4524090991595404e-05
2022-10-04,0.077098838406439,0.00593542967767225,0.0029435169738620064
2022-10-05,0.016951939885621194,0.004886648762371726,0.0003172361986364709
2022-10-06,0.0003642109486230735,0.00020401065673991787,1.3980719743518808e-05
2022-10-07,0.00041781919969223794,7.611367921092223e-05,8.825422457761658e-05
2022-10-08,0.1234316072475655,0.02295396761714592,0.0013899115399938328
2022-10-09,0.00013302178728419062,5.498964512448416e-05,8.600522971886188e-05
2022-10-10,0.05901056311279477,0.0018545451765145974,0.001822972956301287
2022-10-11,0.00014205658323825077,5.951731769888427e-05,7.24085125325015e-05
2022-10-12,0.05564553438446868,0.005897979497638731,0.000836365489492864
2022-10-13,0.03424290481623955,0.048966964274294686,0.0010518075093965884
2022-10-14,0.00048119523103455294,4.100550144223456e-05,6.00033033630091e-05
2022-10-15,0.10276818928929085,0.01222541107131952,0.00203714320639229
2022-10-16,0.05698483747021001,0.07396591140521903,0.03762279567717255
2022-10-17,0.0004048398717810043,5.605760816723901e-05,0.00012129571218282672
2022-10-18,0.00039939703356468945,7.201916063761241e-05,0.00011078156441648826
2022-10-19,0.011951651454607498,0.06160385849969668,0.15092405608786905
2022-10-20,0.00041749929359774095,9.989469057650755e-05,6.479578309103155e-05
2022-10-21,0.03633682884102522,0.005459126234525034,0.02089212251687022
2022-10-22,0.0005030523191137323,3.359984334806201e-05,4.555061702734303e-05
2022-10-24,0.020777329555093902,0.0007958901719571958,0.0005815363686807387
2022-10-25,0.09847307320652499,0.007615151332499881,0.010954161657702336
2022-10-26,0.0001942945033648381,0.00021898500360611908,0.00016892481512412617
2022-10-27,0.00037935663142289386,0.0001224693104632277,8.037752370924618e-05
2022-10-28,0.1712922589331875,0.014880032757683424,0.0037334634852867173
2022-10-29,0.07535634783146895,0.006609988241484574,0.002295392237351891
2022-10-30,0.11998308448109207,0.0259105263945682,0.0021838688686214875
2022-10-31,0.00039994699270161886,0.00013714503945479737,4.509186536717404e-05
2022-11-01,0.1068260549017514,0.028908318483453148,0.0028689197828121633
2022-11-02,0.00862728156900809,0.01274709475485356,0.0007814472582019096
2022-11-03,0.0004299226850767702,9.061677334117933e-05,6.164916722540051e-05
2022-11-04,0.020010952466711456,0.001304352131679368,0.0008405058644820896
2022-11-05,0.07642554812055974,0.0036197569980404346,0.004217093280504786
2022-11-06,0.0004547643308906536,9.475445558590534e-05,3.267440565451121e-05
2022-11-07,0.07468053994154263,0.004739743830852795,0.004835218538360229
2022-11-08,0.016888475783974764,0.0021718863899980972,0.04362769739882962
2022-11-09,0.11880092888611529,0.004656294259741563,0.005218380880487362
2022-11-10,0.00031899651961076207,7.569296655061962e-05,0.0001875014227258284
2022-11-11,0.0004781593922566724,3.7656887303388316e-05,6.63769125710094e-05
2022-11-12,0.000153379189540041,0.00010493788780606594,1.568588531826965e-05
2022-11-13,0.05393188449972693,0.0021479313564314864,0.00630007607328309
2022-11-14,0.13011134958611592,0.006309891509518722,0.03324150358974737
2022-11-15,0.00044293205259101774,6.608492405567985e-05,7.321095000959698e-05
2022-11-16,0.0541538305544311,0.006181857331705255,0.002352386661958971
2022-11-17,0.10240375497115915,0.012890931525312368,0.0017360570705311413
2022-11-18,0.0572256835713309,0.002143787533509404,0.003318632744884574
2022-11-19,0.0015274311448911398,0.009474025358170091,0.01115430464446368
2022-11-20,0.0005312476080125252,3.840450741545417e-05,1.2496556847037794e-05
2022-11-21,0.04400498662451347,0.004231546089952235,0.014448442552174975
2022-11-22,0.11569542955735057,0.13144029285680833,0.00652521877342686
2022-11-23,0.00022579206099263891,3.0250905468897957e-05,1.794131511671239e-05
2022-11-24,0.00018660578813218306,0.00011063616980427337,0.0002849238352682936
2022-11-25,0.0005342591111973797,2.8260995725128767e-05,1.9667605423297514e-05
2022-11-26,0.13767169801484844,0.013782460854481527,0.009181017700064199
2022-11-27,1.737091928695713e-05,5.726375600905425e-06,0.00025089196831335397
2022-11-28,0.019690198564683164,0.000838777623540188,0.001629000541238244
2022-11-29,0.00024593276264941197,2.1275266287574465e-05,6.78123426423011e-06
2022-11-30,0.00039662829328435416,0.00013053525667910864,5.5016722782644414e-05
2022-12-01,0.0004000754138895239,5.5931300586071384e-05,0.00012616421772744833
2022-12-02,0.0004855721800543104,8.894617677479353e-05,7.674835301966201e-06
2022-12-03,0.0930260077058651,0.012206043417223967,0.0023193889729239605
2022-12-04,0.02063652130489726,0.0010999769153262607,0.0004193519670134952
2022-12-05,0.0004076639303982039,0.00014034620995981723,3.418647663883901e-05
2022-12-06,0.00018765981285423324,4.380175021043448e-05,4.253683311198887e-05
2022-12-07,0.020545515381537177,0.0006447169826769644,0.0006573830737001305
2022-12-08,0.00012695123263749752,0.0003454104757215625,0.0001098314837720101
2022-12-09,0.05588974137214719,0.0030665203663300215,0.0037349363702456682
2022-12-10,0.0002551935997456131,5.342790632423723e-06,1.3452872823179732e-05
2022-12-11,8.937529765623683e-05,0.0001309668678101815,5.3647097734798204e-05
2022-12-12,0.020314982363681584,0.0011619939704965603,0.0006804610546290812
2022-12-13,0.0002975964847486218,0.00014915101470972864,0.00013543846353356872
2022-12-14,0.12077240645911186,0.015798903415148568,0.0020447410226709537
2022-12-15,0.00046024708243517224,7.251898708992553e-05,4.942712260597238e-05
2022-12-16,0.10488879237567036,0.060738995980227015,0.0040295342411010735
2022-12-17,0.00047584027132244866,6.675251476495768e-05,3.960432017599527e-05
2022-12-18,0.00023081638358536771,1.9695913891836024e-05,2.346913745934992e-05
2022-12-19,0.00013732341871644974,5.439904604602821e-05,8.22698427638853e-05
2022-12-20,0.0004571252346047926,7.654783103675633e-05,4.852697622110119e-05
2022-12-21,0.0004693156171027558,8.103331394936273e-05,3.1847000971583594e-05
2022-12-22,0.008134018390951564,0.0056747091964624245,0.04857116068883734
2022-12-23,0.02006085209417726,0.001553337917845454,0.0005416371830860719
2022-12-24,0.0002533304727558448,8.521066085557835e-06,1.2137724359813893e-05
2022-12-26,0.00014187620697330997,5.499421161220419e-05,7.711427812798239e-05
2022-12-27,0.000255287319605843,0.00025739007145094653,6.94849806813876e-05
2022-12-28,0.00046203431151896975,7.361208200188883e-05,4.652145800258257e-05
2022-12-29,0.00018601131078730592,5.903783648828214e-05,2.893326619404847e-05
2022-12-30,0.00035130523769012713,6.220822843579584e-05,0.00016868520579041112
2022-12-31,0.034365802351623086,0.0022198517750585648,0.026102432598714264
2023-01-01,0.0003301737811367939,4.560168404906553e-05,0.00020640231674876421
2023-01-02,0.07704408328283499,0.0028775791021903876,0.004348429426624919
2023-01-03,0.0005072138631848914,5.4875711456264276e-05,2.0098635866947187e-05
2023-01-04,0.01643627997753626,0.00291719517414751,0.0028030633360328467
2023-01-05,0.0003896947168575348,7.677605972964422e-05,0.00011571784905617108
2023-01-06,0.125410077267935,0.008886945723516336,0.00430738539892195
2023-01-07,0.038091334475877495,0.002390295581173433,0.02220648292225016
2023-01-08,0.03166163732846188,0.0016922548311785756,0.02901976634800913
2023-01-09,0.05783083847681234,0.0028645750897379955,0.0019926710512358672
2023-01-10,0.14758868777561424,0.008797709165891539,0.011962482149146627
2023-01-11,0.020405967296963735,0.0013272004210193745,0.00042050052575040987
2023-01-12,0.002189142118387126,0.019613948410810933,0.0003527373622427256
2023-01-13,0.02061920768379914,0.0009395353686215558,0.0005949147365865271
2023-01-14,0.092774503660966,0.012439539246521593,0.0023373808504221663
2023-01-15,0.0003009502204335039,0.00010469976849490912,0.0001765290977169878
2023-01-16,0.0748053175540121,0.0072746446174671445,0.001871469753517188
2023-01-17,0.00044345439007196987,9.137484008631965e-05,4.734855177633415e-05
2023-01-18,0.020557029828391502,0.0005603268571758944,0.0007302564691030176
2023-01-19,0.019839866645616704,0.0016651691829563523,0.0006508170985565947
2023-01-20,0.14747303104417508,0.03451213635844037,0.007855958003792544
2023-01-21,0.12653384611057727,0.009412091331603395,0.0026700771545725556
2023-01-22,0.0003832777053854478,0.00018041510277729924,1.8461735310767243e-05
2023-01-23,0.11156761567584227,0.02197984552061747,0.014536241122506
2023-01-24,0.06409684482838303,0.01894058106750189,0.0009182431778043025
2023-01-25,0.019014906833442216,0.001299826032471715,0.0018400011993473366
2023-01-26,0.00037895093135997647,0.0001633934132785363,3.985306271199124e-05
2023-01-27,0.019863809507043174,0.0015379329883517502,0.00044587522576320504
2023-01-28,0.020841006091459894,0.0008317499008579077,0.0004830695386049006
2023-01-29,0.07537969163333633,0.007481474724191643,0.00311661674451218
2023-01-30,0.058714984754783844,0.002497418112638638,0.001475718893585769
2023-01-31,0.1163948395420214,0.009536226950690221,0.012673308728789386
2023-02-01,0.019934483247847433,0.001222626565374545,0.0009997859516870213
2023-02-02,0.12046188932750716,0.01350950420979522,0.004632986705975414
2023-02-03,0.3094659882691645,0.02383184390235019,0.013823950266357795
2023-02-04,0.00017064051312171767,4.4347119315282624e-05,5.900554489654771e-05
2023-02-05,0.07917043045231745,0.005186062263444722,0.0016212986048227992
2023-02-06,0.13729409443195031,0.008475560644487895,0.002307822384599701
2023-02-07,0.1179285223209888,0.015997752681407476,0.004381535665427091
2023-02-08,0.08402321180918461,0.16223292758619853,0.007708704740018534
2023-02-09,0.07848343472594768,0.003981661410135571,0.001796631603977751
2023-02-10,0.00046544575563397075,5.27248134846982e-05,6.401805652468109e-05
2023-02-11,0.0004093489001937918,7.313768972838225e-05,9.967578181600306e-05
2023-02-12,0.05365660501477549,0.008394451202792108,0.05497386166744402
2023-02-13,0.18241333920798922,0.03141247707278364,0.008915265807216802
2023-02-14,0.02047038414557654,0.0012393711180114953,0.00044499158602592966
2023-02-15,0.0004481524779421065,9.904492063610005e-05,3.498775331899898e-05
2023-02-16,0.017244587528666953,0.004541240304978509,0.0003710711930404851
2023-02-17,0.25037905475144395,0.03457786674226142,0.003779157727660771
2023-02-18,0.020141554105098075,0.001366594711191531,0.0006466226896386753
2023-02-19,0.09901284592889549,0.005284588426339889,0.003255078167669439
2023-02-20,0.12449713291800106,0.01055317529659096,0.004011242180089063
2023-02-21,0.12108384204372191,0.014719916911008315,0.0028005992909213785
2023-02-22,0.21568591632652373,0.0374182238201185,0.05370735470106126
2023-02-23,0.22889680565876955,0.05706427943925922,0.002767492480810879
2023-02-24,0.09880850168322029,0.2597448399833043,0.005279799339861935
2023-02-25,0.04910383374234849,0.0016877893954484638,0.011902677221277438
2023-02-26,0.07812941657209906,0.0031751152692295935,0.002950967044561209
2023-02-27,0.0371477206844125,0.15490474365936222,0.0037893284635558406
2023-02-28,0.3306177504302899,0.028783660283692093,0.037005158937142756
2023-03-01,0.1783476543948948,0.039486726236238404,0.004906688285762776
2023-03-02,0.4729918494742881,0.06578692641762107,0.009013744215145145
2023-03-03,0.4585824894814794,0.080844783821069,0.008379068398696133
2023-03-04,0.24357244222302857,0.21189727482187148,0.006944830300276582
2023-03-05,0.41977088709193683,0.05091387404158763,0.011144995950206443
2023-03-06,0.4415993972618141,0.07569048744552825,0.007224072633407872
2023-03-07,0.3793052322420884,0.20915332771889944,0.07580524237363453
2023-03-08,0.33667655413232833,0.03164584749177891,0.005802005201016969
2023-03-09,0.4065561486827206,0.04475345386920442,0.011123309765056561
2023-03-10,0.4564658323500814,0.14250189646529865,0.010943528452790622
2023-03-11,0.4929589286549007,0.10079336899331985,0.016168027919106338
2023-03-12,0.35051196579863386,0.10575801353344286,0.006164113813678996
2023-03-13,0.3993456102423053,0.09076968620940568,0.03439211569716314
2023-03-14,0.37970170550726035,0.07376038540171984,0.008958871175622354
2023-03-15,0.34992433840746456,0.03855836834683235,0.009197017592284692
2023-03-16,0.4123411212177797,0.12584186860768098,0.009635704988265964
2023-03-17,0.3903177417340484,0.07285627407464249,0.018641724192949075
2023-03-18,0.4524025535865914,0.05773208778050261,0.014403300159461452
2023-03-19,0.3047396603519556,0.06322824679684003,0.006168369736873928
2023-03-20,0.4873833752937173,0.1100300085769017,0.012510382460153046
2023-03-21,0.3697857184482576,0.08501925430232848,0.007606577038561296
2023-03-22,0.3566118353663303,0.07204175479534862,0.061922207371707706
2023-03-23,0.3653135607578184,0.05291118999197835,0.017981599536034776
2023-03-24,0.39568827392033756,0.07861729974888679,0.06755460789500109
2023-03-25,0.44023757401737024,0.15873706846043142,0.010941410123655907
2023-03-26,0.19741883577285757,0.04462330135591281,0.003993259772267996
2023-03-27,0.01978237005247691,0.001850208421284777,0.0005232501753270668
2023-03-28,0.05428649847753447,0.00422986656156915,0.00417171797630429
2023-03-29,0.36138113744088735,0.09237990208470763,0.013521402759804927
2023-03-30,0.19385771562689563,0.029967432009679048,0.006871078608426935
2023-03-31,0.38850243621159336,0.07452702660529165,0.09670852613107714
2023-04-01,0.1177064425011603,0.008492087229922425,0.002477065552137111
2023-04-02,0.13705263770879508,0.010240621867762863,0.00294098480138278
2023-04-03,0.19570102276300252,0.014948412957992846,0.0034153585009990906
2023-04-04,0.319766177414727,0.07325231531307207,0.010635787556454822
2023-04-05,0.14027167044684707,0.1490494799495527,0.006464909126355677
2023-04-06,0.24750123913003047,0.02435655897648384,0.004317472299672092
2023-04-07,0.11914515138440393,0.06783861607808012,0.0038039383843774185
2023-04-08,0.20103445017889304,0.027071554062885552,0.0025734351487986255
2023-04-09,0.16291421367690073,0.028074799437471355,0.021360973290051082
2023-04-10,0.2591809184438548,0.01940599845876805,0.03964112816985084
2023-04-11,0.4686590125845982,0.06341963728703238,0.021939900209770286
2023-04-12,0.20849028471641423,0.039407322035003724,0.004357530196424149
2023-04-13,0.17245562177862253,0.011023466443206897,0.006668078429262652
2023-04-14,0.23208487134349565,0.019598990069083822,0.02385891520596642
2023-04-15,0.10609947494280816,0.04880669009875155,0.03524466757093335
2023-04-16,0.3197638996267614,0.028062461160243572,0.03334989078579298
2023-04-17,0.37576718026492106,0.042046348488216,0.02726994836348213
2023-04-18,0.4872092741643671,0.059256028849794216,0.08131296880086436
2023-04-19,0.14067701836846014,0.12918345579092844,0.005682296106600017
2023-04-20,0.1782957279760246,0.012994101602717766,0.004551961659282963
2023-04-21,0.12792654679627513,0.0076500690986207485,0.0030277622941422724
2023-04-22,0.02043439431510697,0.0011108862429198344,0.000609447798747123
2023-04-23,0.020628908479458502,0.000534854662743308,0.0009920439530563712
2023-04-24,0.1300219180897244,0.009104550702195463,0.008965768807174283
2023-04-25,0.06106188993887289,0.004870207371790279,0.04161931414211375
2023-04-26,0.1541941867950672,0.012043429225803395,0.0034207811319983345
2023-04-27,0.1808693516665663,0.0650043241093284,0.006378301413304664
2023-04-28,0.019653078833759,0.0008308058746720531,0.0016719320069040736
2023-04-29,0.08361009887034218,0.012381564160268692,0.01156829950483325
2023-04-30,0.020800497972742298,0.0006954198510899654,0.0006577099351357099
2023-05-01,0.00042793586563362614,0.00012075028228120582,3.3502985116042524e-05
2023-05-02,0.15716331074546402,0.015577268969044369,0.0064022738251673554
2023-05-03,0.32877572708391734,0.032611895227208,0.009030070863927531
2023-05-04,0.24723340444036251,0.0216050203305778,0.006708620001606997
2023-05-05,0.1146425000364476,0.054256777898647086,0.031814864074134204
2023-05-06,0.01898727908826728,0.0009634247610186491,0.00220511468841792
2023-05-07,0.1764876400446115,0.09477438391560418,0.014845952456469495
2023-05-08,0.14888109695083634,0.017836520119911797,0.0029466304525365946
2023-05-09,0.05619324952414265,0.005508900084294272,0.0009859501300893132
2023-05-10,0.1529548768348012,0.010381194094925644,0.0063269246372531516
2023-05-11,0.08830190064356427,0.07724186225856537,0.00411246971353519
2023-05-12,0.09001357119101996,0.15365938399188647,0.008583218775262995
2023-05-13,0.21253449026191062,0.019444774182824698,0.014051508944749647
2023-05-14,0.0004707177259579663,9.181466572944168e-05,1.9669573943794974e-05
2023-05-15,0.020316468184333497,0.0013981831810188508,0.0004411633784328412
2023-05-16,0.1251520049596309,0.010586943624793312,0.0028654139157372593
2023-05-17,0.0554952001672809,0.005978834309297897,0.001210953887653475
2023-05-18,0.14688035633541874,0.016756070527604486,0.0060251722280782165
2023-05-19,0.1939055895718692,0.016462315071662074,0.012373163404434846
2023-05-20,0.2704914296273863,0.02966412008199383,0.012117441068500885
2023-05-21,0.12868232897954224,0.02975345869176658,0.11578181628053734
2023-05-22,0.22770173766623952,0.010300286369110926,0.01994566513961665
2023-05-23,0.08801115395178379,0.15486218487086373,0.01678189257887274
2023-05-24,0.28183204577670795,0.028813105007168282,0.011131792139914188
2023-05-25,0.14076572088727163,0.009202989878238095,0.019688606199487195
2023-05-26,0.1441751035060067,0.016058253579307374,0.009426523824148868
2023-05-27,0.14537515107426996,0.010560125518223834,0.013722043945108245
2023-05-28,0.2420834850740145,0.012551090396727476,0.020908195328100614
2023-05-29,0.1709336207397908,0.013108370162440958,0.006105174193534592
2023-05-30,0.17663720652153617,0.02276366817476158,0.02459677250537959
2023-05-31,0.09139429930560959,0.0875099826906078,0.021804899097210177
2023-06-01,0.24282130466360702,0.022515482828637287,0.010205557861597487
2023-06-02,0.32678457628269997,0.030888266728550717,0.011024260251161088
2023-06-03,0.24887369449065194,0.04464895327768785,0.013073071621413567
2023-06-04,0.14447349729794337,0.03549448173221481,0.0158738093742591
2023-06-05,0.34246842314044984,0.04810798954024508,0.1398804954745253
2023-06-06,0.2502256054520052,0.02596716362370709,0.009913812572614283
2023-06-07,0.22208597871630376,0.02443567355306936,0.005711866312542789
2023-06-08,0.3459674649012594,0.045704357822540384,0.05315663741644583
2023-06-09,0.05268862994079601,0.009035910468136656,0.022535019856863917
2023-06-10,0.27234699194577916,0.02361525089098825,0.07273937728900849
2023-06-11,0.3164147145837178,0.044905832081429904,0.007391599956311212
2023-06-12,0.21532480813776575,0.034280278369226445,0.08958453889189155
